,2,3,4,5,6
0,of the,on social media,the spread of misinformation,of this study was to,aim of this study was to
1,in the,as well as,in this paper we,the aim of this study,the aim of this study was
2,social media,the spread of,in the context of,the purpose of this study,purpose of this study was to
3,to the,no abstract available,in the united states,the spread of misinformation and,the purpose of this study was
4,and the,of social media,misinformation on social media,in the context of the,all is the source for the
5,on the,of fake news,as well as the,of misinformation on social media,is the source for the terms
6,fake news,during the pandemic,the purpose of this,of this study is to,the source for the terms of
7,of misinformation,the use of,of this study was,the spread of fake news,source for the terms of this
8,the pandemic,social media platforms,this study was to,in this paper we propose,for the terms of this document
9,this study,spread of misinformation,were more likely to,of this paper is to,in this paper we propose a
10,misinformation and,the role of,the aim of this,aim of this study was,this record is sourced from a
11,in this,in this paper,on social media platforms,the use of social media,record is sourced from a database
12,as a,the impact of,is one of the,purpose of this study was,is sourced from a database of
13,with the,in order to,in this study we,is the source for the,sourced from a database of the
14,for the,the united states,the world health organization,all is the source for,from a database of the national
15,such as,one of the,one of the most,the source for the terms,a database of the national library
16,of information,of misinformation and,this study aimed to,source for the terms of,database of the national library of
17,to be,of the pandemic,this study aims to,for the terms of this,of the national library of medicine
18,public health,this paper we,in this work we,the terms of this document,objective of this study was to
19,on social,based on the,of fake news and,the role of social media,the objective of this study was
20,that the,of this study,use of social media,in this paper we present,purpose of this paper is to
21,based on,social media and,can be used to,the world health organization who,the purpose of this paper is
22,of a,the context of,on social media and,the objective of this study,spread of misinformation on social media
23,in a,fake news and,in this article we,health misinformation on social media,the spread of misinformation on social
24,is a,more likely to,aim of this study,there is a need to,the role of social media in
25,this paper,in the united,spread of misinformation and,fake news on social media,aim of this study is to
26,during the,fake news detection,the context of the,is one of the most,purpose of this study is to
27,about the,the importance of,information on social media,the spread of misinformation on,the aim of this study is
28,of this,a total of,results a total of,this paper we propose a,the purpose of this study is
29,from the,in the context,it is important to,objective of this study was,centers for disease control and prevention
30,by the,and social media,purpose of this study,this record is sourced from,objective the aim of this study
31,can be,the effects of,in the form of,record is sourced from a,to the best of our knowledge
32,it is,there is a,the extent to which,is sourced from a database,aim of this paper is to
33,spread of,misinformation on social,fake news and misinformation,sourced from a database of,in the context of the pandemic
34,and misinformation,in terms of,are more likely to,from a database of the,in this paper we present a
35,related to,the number of,spread of fake news,a database of the national,of fake news on social media
36,associated with,in social media,at the same time,database of the national library,men who have sex with men
37,use of,the development of,of misinformation on social,of the national library of,purpose the purpose of this paper
38,has been,in this study,little is known about,the national library of medicine,reporting items for systematic reviews and
39,as well,misinformation and disinformation,misinformation and fake news,severe acute respiratory syndrome coronavirus,preferred reporting items for systematic reviews
40,of social,due to the,the objective of this,in the united states and,the aim of this paper is
41,the spread,related to the,on the other hand,little is known about the,of this study was to explore
42,well as,the quality of,of this study is,the internet and social media,of this study was to evaluate
43,the most,the need for,there is a need,spread of misinformation on social,the centers for disease control and
44,as the,the effectiveness of,the results show that,to prevent the spread of,of this study was to assess
45,with a,the purpose of,no abstract available the,there is a need for,the purpose of this article is
46,vaccine hesitancy,the relationship between,of this paper is,the purpose of this paper,purpose of this article is to
47,information and,this study was,the spread of fake,to the spread of misinformation,social media platforms such as twitter
48,the public,and fake news,for fake news detection,the results of this study,the spread of fake news and
49,abstract available,results show that,as a result of,purpose of this paper is,of this study was to investigate
50,no abstract,we found that,this study is to,social media platforms such as,in this paper we propose an
51,the study,the aim of,the impact of the,objective the aim of this,the patient education materials assessment tool
52,have been,study was to,of misinformation and disinformation,of fake news and misinformation,to prevent the spread of misinformation
53,analysis of,such as the,in the field of,of this article is to,objective of this study is to
54,used to,was used to,this paper we propose,the spread of misinformation in,this study was to evaluate the
55,of fake,of misinformation in,misinformation no abstract available,by the world health organization,by the world health organization who
56,due to,to understand the,the use of social,role of social media in,of this study was to examine
57,at the,of misinformation on,this paper is to,and the spread of misinformation,on social media during the pandemic
58,to identify,the effect of,news on social media,purpose the purpose of this,to combat the spread of misinformation
59,to a,of the most,a wide range of,for disease control and prevention,there is an urgent need to
60,all the,we find that,as a source of,aim of this study is,the objective of this study is
61,misinformation in,analysis of the,has the potential to,the findings of this study,in the age of social media
62,number of,social media users,in the age of,purpose of this study is,bidirectional encoder representations from transformers bert
63,and social,the influence of,to the spread of,as a source of information,on social media no abstract available
64,there is,purpose of this,the spread of the,objective this study aimed to,this study was to assess the
65,the results,well as the,of social media in,were more likely to be,our knowledge this is the first
66,lack of,to assess the,results show that the,social media has become a,this paper we propose a novel
67,of these,can be used,the ways in which,centers for disease control and,journal of the american medical association
68,impact of,on the internet,the role of social,the spread of misinformation all,the preferred reporting items for systematic
69,this article,of information and,more likely to be,the spread of the virus,the use of social media for
70,media and,social media has,the coronavirus disease pandemic,there is a lack of,at the beginning of the pandemic
71,role of,we propose a,in the era of,to combat the spread of,of this study was to identify
72,misinformation on,social media in,role of social media,of this research is to,however little is known about the
73,social networks,as a result,in the face of,the context of the pandemic,fake news detection on social media
74,and a,the results of,is the source for,as a result of the,the use of social media in
75,the first,misinformation in the,the source for the,the best of our knowledge,in this paper we focus on
76,is the,a lack of,of social media platforms,of misinformation and fake news,of health misinformation on social media
77,media platforms,were more likely,the united states and,to the best of our,of the internet and social media
78,effects of,be used to,were included in the,the beginning of the pandemic,of this study was to determine
79,the world,study aimed to,misinformation and conspiracy theories,misinformation on social media platforms,the first year of the pandemic
80,likely to,in recent years,all is the source,in the united states the,in this work we propose a
81,the use,the pandemic has,source for the terms,the results show that the,the spread of misinformation and disinformation
82,misinformation about,the majority of,for the terms of,of fake news on social,the early stages of the pandemic
83,the role,to identify the,the terms of this,social media no abstract available,objective the purpose of this study
84,the internet,to evaluate the,terms of this document,that can be used to,attention has been paid to the
85,show that,understanding of the,of social media and,aim of this paper is,in this study we aimed to
86,the vaccine,some of the,in the fight against,the proliferation of fake news,objective the objective of this study
87,and their,the pandemic and,in online social networks,who have sex with men,social media as a source of
88,to misinformation,sources of information,world health organization who,of misinformation and conspiracy theories,public health emergency of international concern
89,news and,aim of this,on social media the,the spread of false information,known as the continued influence effect
90,health information,the dissemination of,on social media in,patient education materials assessment tool,as a source of information on
91,is to,online social networks,objective of this study,a better understanding of the,the impact of the pandemic on
92,to address,the need to,of fake news on,prevent the spread of misinformation,the spread of fake news on
93,the information,we conducted a,social media as a,misinformation on social media is,misinformation on social media is a
94,need to,social media is,on social media is,the impact of the pandemic,of this study was to describe
95,the misinformation,the presence of,the results of this,in the context of a,this study aimed to investigate the
96,the impact,in this article,and the spread of,on social media during the,during the first wave of the
97,on a,study aims to,spread of misinformation on,machine learning and deep learning,the goal of this study was
98,of health,fake news in,severe acute respiratory syndrome,play an important role in,goal of this study was to
99,and to,of the information,and the role of,the aim of this paper,of misinformation on social media platforms
100,one of,the pandemic in,during the pandemic the,this paper we present a,the purpose of this research is
101,the united,natural language processing,an important role in,objective this study aims to,a public health emergency of international
102,to understand,a variety of,the results of the,bidirectional encoder representations from transformers,in this paper we present an
103,trust in,vaccine hesitancy and,social media platforms and,men who have sex with,since the beginning of the pandemic
104,the current,the lack of,this paper aims to,attention has been paid to,the best of our knowledge this
105,information on,has become a,in the case of,to curb the spread of,spread of fake news and misinformation
106,should be,to explore the,the role of the,were included in the study,psycinfo database record c apa all
107,from a,the general public,prevent the spread of,of the study was to,this study aimed to evaluate the
108,conspiracy theories,the prevalence of,health misinformation on social,use of social media for,of the current study was to
109,may be,world health organization,all the role of,the spread of misinformation about,since the start of the pandemic
110,united states,misinformation about the,the quality of information,social media during the pandemic,of this study was to understand
111,understanding of,to the pandemic,the effectiveness of the,reporting items for systematic reviews,purpose the purpose of this study
112,in order,source of information,this paper we present,items for systematic reviews and,in this paper we aim to
113,in social,to examine the,fake news in the,to evaluate the quality of,for disease control and prevention cdc
114,using the,the level of,fake news on social,the spread of misinformation is,purpose of this research is to
115,machine learning,is one of,of the pandemic in,at the beginning of the,the experimental results show that the
116,and other,information about the,of fake news in,spread of fake news and,the continued influence effect of misinformation
117,access to,the world health,social media and the,misinformation in this paper we,is known as the continued influence
118,health care,the social media,during the pandemic in,preferred reporting items for systematic,the first wave of the pandemic
119,order to,this study we,of the pandemic and,the centers for disease control,aim of the study was to
120,information about,in this work,from the perspective of,however little is known about,best of our knowledge this is
121,on twitter,the present study,misinformation in social media,on social media is a,of our knowledge this is the
122,and its,the pandemic the,the internet and social,this study was to explore,during the pandemic no abstract available
123,in which,to determine the,a better understanding of,the detection of fake news,correct health misinformation on social media
124,using a,the risk of,natural language processing nlp,there is an urgent need,fake news on social media platforms
125,quality of,in addition to,of misinformation in the,of misinformation no abstract available,this study aimed to examine the
126,need for,and public health,is a need to,this study was to evaluate,has become one of the most
127,the potential,the credibility of,in terms of the,the purpose of this article,according to the world health organization
128,found that,we show that,a systematic review of,is available at https all,little attention has been paid to
129,the need,findings suggest that,detection of fake news,in the spread of misinformation,this study aims to assess the
130,study was,to address the,to better understand the,the impact of social media,patient education materials assessment tool for
131,role in,this study is,as well as a,due to the lack of,the pandemic has been accompanied by
132,of online,part of the,the impact of misinformation,to limit the spread of,use of social media as a
133,of their,a qualitative study,were less likely to,and misinformation on social media,the impact of fake news on
134,context of,of vaccine hesitancy,paper we propose a,for the spread of misinformation,items for systematic reviews and prisma
135,the social,show that the,the beginning of the,little is known about how,in recent years there has been
136,health and,the potential to,is known about the,the spread of misinformation online,the use of social media as
137,of vaccine,social media to,internet and social media,study was to evaluate the,natural language processing and machine learning
138,that is,this study aimed,interviews were conducted with,this study was to assess,to limit the spread of misinformation
139,suggest that,of public health,the findings of this,purpose of this article is,the aim of the study was
140,false information,the problem of,our findings suggest that,at the end of the,prevent the spread of misinformation and
141,for a,associated with the,a content analysis of,this study aimed to investigate,the severe acute respiratory syndrome coronavirus
142,aims to,the most common,the results showed that,experimental results show that the,misinformation on social media no abstract
143,knowledge and,it is important,as one of the,we discuss the implications of,aim of this article is to
144,in addition,the accuracy of,to detect fake news,on the other hand the,all the role of social media
145,compared to,this study aims,have the potential to,the early stages of the,the pandemic in the united states
146,to improve,a set of,it is necessary to,media platforms such as twitter,during the early stages of the
147,of and,most of the,our results show that,the rise of social media,this study aims to investigate the
148,the context,the case of,of social media users,the onset of the pandemic,during the early phase of the
149,and how,in social networks,results of this study,with a particular focus on,objective of this paper is to
150,paper we,through social media,a case study of,one of the most important,machine learning and natural language processing
151,is an,fake news is,we found that the,combat the spread of misinformation,this study aimed to explore the
152,level of,in response to,during the pandemic and,this study aimed to explore,patient education materials assessment tool pemat
153,is not,a range of,an overview of the,it is important to understand,objectives the aim of this study
154,and information,social media the,on the basis of,the spread of misinformation the,discuss the implications of our findings
155,in their,a case study,on social media all,of social media as a,to reduce the spread of misinformation
156,development of,use of social,acute respiratory syndrome coronavirus,the impact of misinformation on,to curb the spread of misinformation
157,source of,the performance of,and the use of,health information on social media,in this paper we introduce a
158,and health,the field of,social media has become,of fake news in the,the implications of these findings for
159,that are,and conspiracy theories,of the national library,in the wake of the,of fake news and misinformation in
160,to assess,of the study,national library of medicine,misinformation on social media all,in this work we focus on
161,exposure to,factors associated with,this record is sourced,the food and drug administration,the impact of social media on
162,more likely,need to be,record is sourced from,play a significant role in,beliefs in conspiracy theories and misinformation
163,health misinformation,social media use,is sourced from a,of information on social media,to the spread of misinformation and
164,types of,likely to be,sourced from a database,objective the objective of this,social media is one of the
165,did not,this work we,from a database of,during the first wave of,misinformation and disinformation on social media
166,between the,to analyze the,a database of the,to reduce the spread of,in the use of social media
167,that can,information and misinformation,database of the national,should be aware of the,we conducted a content analysis of
168,importance of,the proliferation of,the national library of,in this paper we introduce,the safety and efficacy of vaccines
169,focus on,that can be,there has been a,fake news and misinformation in,the aim of this article is
170,the same,were used to,all the impact of,this study was to investigate,in this paper we study the
171,and disinformation,to investigate the,social media is a,in this work we propose,the scientific consensus on climate change
172,as an,in relation to,that there is a,the purpose of this research,performed analyses and made estimates regarding
173,mental health,was associated with,the quality of the,the pandemic no abstract available,fake news detection using machine learning
174,the main,the fake news,a large number of,the goal of this study,the world health organization who has
175,among the,results suggest that,in response to the,impact of the pandemic on,the spread of misinformation in the
176,a significant,study was conducted,social media in the,this paper we propose an,the early phase of the pandemic
177,impact on,for fake news,the goal of this,this study aimed to identify,this study aimed to assess the
178,how to,this paper is,we propose a novel,objective of this study is,in this article we propose a
179,sources of,of false information,the dissemination of misinformation,knowledge this is the first,on social media has become a
180,we propose,fake news on,spread of misinformation in,the safety and efficacy of,and the patient education materials assessment
181,this research,the emergence of,the spread of false,the start of the pandemic,the journal of the american medical
182,in an,to reduce the,as well as to,reduce the spread of misinformation,the role of social media and
183,and in,of the vaccine,the performance of the,in the age of misinformation,this study was to determine the
184,the media,the misinformation effect,response to the pandemic,the patient education materials assessment,peer review the peer review history
185,the importance,to the public,related to the pandemic,were more likely to have,review the peer review history for
186,terms of,less likely to,is a need for,can be used as a,the peer review history for this
187,was conducted,around the world,the continued influence effect,the impact of fake news,peer review history for this article
188,the effects,the concept of,social media during the,study was to assess the,review history for this article is
189,a new,of health information,purpose of this paper,to assess the quality of,history for this article is available
190,information in,a number of,to prevent the spread,the purpose of the study,for this article is available at
191,to explore,social media as,the majority of the,the aim of the study,this article is available at https
192,climate change,the internet and,in the digital age,objective the purpose of this,article is available at https all
193,news detection,of this paper,that can be used,misinformation on social media in,were included in the final analysis
194,perceptions of,we argue that,on social media during,of the spread of misinformation,to prevent the spread of the
195,the proposed,an analysis of,social media platforms such,during the coronavirus disease pandemic,this is known as the continued
196,through the,the nature of,to this end we,the age of social media,this study is the first to
197,we also,to improve the,to the development of,the implications of these findings,the objective of this paper is
198,approach to,according to the,at the time of,logistic regression was used to,youtube as a source of information
199,was to,information on the,on the use of,are more likely to be,the purpose of this chapter is
200,the findings,of the participants,social media platforms have,encoder representations from transformers bert,purpose of this chapter is to
201,of news,impact of the,media platforms such as,factors associated with vaccine hesitancy,in the early stages of the
202,to provide,vaccine hesitancy in,in the spread of,the dissemination of fake news,of this study is to examine
203,there are,the results show,in the number of,participants were more likely to,spread of misinformation in social networks
204,risk of,can lead to,our results suggest that,in this paper we study,caused by severe acute respiratory syndrome
205,a total,misinformation and the,the rapid spread of,based on our findings we,the terms of this document the
206,levels of,in the era,on social media has,in the context of misinformation,of the pharmacists of the pharmacist
207,we found,the objective of,objective the aim of,the current state of the,the pharmacists of the pharmacist helpers
208,total of,the coronavirus disease,by the world health,the propagation of fake news,all youtube as a source of
209,effect of,context of the,on social media this,of the internet and social,the food and drug administration fda
210,has become,in the field,the effects of the,social media as well as,received at least one dose of
211,to detect,from social media,barriers and facilitators to,provides an overview of the,this is the first study to
212,within the,the ability to,in addition to the,this study was to examine,at the time of data collection
213,misinformation is,the rise of,methods we conducted a,misinformation in the context of,there is a need to understand
214,over the,response to the,of this article is,play a crucial role in,on the use of social media
215,of an,is important to,is based on the,media as a source of,there is a lack of research
216,of public,information on social,in the absence of,the experimental results show that,of this paper is to explore
217,by a,the form of,of fake news detection,since the beginning of the,theoretical and practical implications are discussed
218,lead to,to address this,social media platforms to,misinformation on social media and,study was to evaluate the quality
219,of our,a sample of,experimental results show that,is an urgent need to,there is a great deal of
220,participants were,based on a,at the end of,of social media and the,implications of these findings are discussed
221,the data,is known about,to the use of,in this paper we investigate,in this paper we present the
222,the quality,has led to,as part of the,play a key role in,of misinformation in online social networks
223,the development,a source of,were found to be,results show that the proposed,in the era of social media
224,aimed to,this article we,a total of participants,as the continued influence effect,this study was to examine the
225,relationship between,the age of,the content of the,the effectiveness of the proposed,we discuss the implications of these
226,study of,news and misinformation,findings of this study,this study aimed to evaluate,of this study is to determine
227,which is,is based on,spread of the virus,misinformation disinformation and fake news,of this paper is to investigate
228,implications for,results of the,through the lens of,spread of misinformation and disinformation,of this study is to identify
229,we conducted,a systematic review,the findings suggest that,the first year of the,in this study we propose a
230,be used,a series of,of misinformation and the,this study aimed to examine,during the first year of the
231,response to,social media for,belief in conspiracy theories,this study aims to investigate,experimental results show that the proposed
232,ability to,to misinformation and,this article is to,participants were randomly assigned to,machine learning and deep learning models
233,to determine,there has been,we also found that,played an important role in,is one of the most important
234,to examine,content analysis of,the pandemic in the,the extent to which the,pandemic by the world health organization
235,results of,on the other,social media use and,more than half of the,for the detection of fake news
236,they are,and misinformation about,online social networks osns,this study contributes to the,objective of this research is to
237,the general,to combat misinformation,purpose the purpose of,in this paper we focus,in this paper we investigate the
238,will be,in the study,fake news and the,increase in the number of,code is available at https all
239,barriers to,objective of this,to receive the vaccine,the spread of misinformation this,we discuss the implications of our
240,to combat,of the public,with a focus on,in the age of social,to a better understanding of the
241,dissemination of,to be a,impact of the pandemic,on social media no abstract,this study aimed to identify the
242,part of,different types of,and its impact on,fake news has become a,this study aims to explore the
243,understand the,all social media,with the help of,the coronavirus disease pandemic has,goal of this research is to
244,more than,fake news the,the aim of the,the preferred reporting items for,social media platforms such as facebook
245,how the,to better understand,the effects of misinformation,our knowledge this is the,the results of this study show
246,do not,study is to,to be able to,in the case of the,in the form of fake news
247,was used,in the us,with respect to the,of the study is to,this study was to investigate the
248,regarding the,spread of fake,these results suggest that,were more likely to believe,who have sex with men msm
249,content analysis,are more likely,one of the main,study aimed to evaluate the,the purpose of the study was
