word,frequency,war,disease,markets
and,826,0,0,0
information,783,0,0,0
health,779,0,1,0
of,744,0,0,0
social,638,0,0,0
",",629,0,0,0
(,489,0,0,0
),487,0,0,0
analysis,439,0,0,0
media,406,0,0,0
data,390,0,0,0
news,302,0,0,0
vaccine,302,0,1,0
detection,293,0,0,0
systems,292,0,0,0
communication,285,0,0,0
model,281,0,0,0
disease,278,0,1,0
network,276,0,0,0
learning,272,0,0,0
public,272,0,0,0
online,268,0,0,0
digital,260,0,0,0
system,258,0,0,0
care,254,0,0,0
misinformation,251,0,0,0
research,220,0,0,0
bias,219,0,0,0
drug,218,0,0,0
medical,218,0,1,0
education,205,0,0,0
networks,204,0,0,0
knowledge,204,0,0,0
science,196,0,0,0
theory,194,0,0,0
human,191,0,0,0
models,180,0,0,0
behavior,175,0,0,0
management,171,0,0,1
in,170,0,0,0
political,168,0,0,0
control,168,0,0,0
language,159,0,0,0
patient,155,0,0,0
content,155,0,0,0
risk,149,0,1,1
to,147,0,0,0
cancer,146,0,1,0
image,143,0,0,0
community,142,0,0,0
fake,141,0,0,0
technology,136,0,0,0
user,134,0,0,0
process,134,0,0,0
memory,133,0,0,0
design,132,0,0,0
therapy,132,0,0,0
methods,132,0,0,0
covid-19,129,0,1,0
modeling,128,0,0,0
policy,128,0,0,0
virus,128,0,0,0
the,126,0,0,0
literacy,120,0,0,0
agent,118,0,0,0
development,117,0,0,1
security,115,0,0,0
food,115,0,0,0
cell,114,0,0,0
assessment,113,0,0,0
classification,112,0,0,0
vaccination,108,0,1,0
scale,105,0,0,0
for,105,0,0,0
processing,103,0,0,0
disorder,102,0,1,0
time,102,0,0,0
approach,101,0,0,0
quality,99,0,0,0
text,98,0,0,0
services,98,0,0,0
medicine,96,0,0,0
evaluation,95,0,0,0
neural,95,0,0,0
blood,95,0,0,0
internet,94,0,0,0
studies,94,0,0,0
clinical,94,0,0,0
effect,94,0,0,0
cognitive,94,0,0,0
protein,93,0,0,0
method,93,0,0,0
environmental,92,0,0,0
syndrome,92,0,1,0
support,91,0,0,0
scientific,91,0,0,0
web,90,0,0,0
test,89,0,0,0
graph,89,0,0,0
use,88,0,0,0
treatment,88,0,1,0
study,86,0,0,0
techniques,85,0,0,0
intelligence,85,0,0,0
acid,85,0,0,0
infection,84,0,1,0
decision,83,0,0,0
trust,83,0,0,0
source,83,0,0,0
topic,83,0,0,0
algorithms,83,0,0,0
global,82,0,0,0
performance,82,0,0,0
effects,82,0,0,0
critical,82,0,0,0
identification,82,0,0,0
medium,79,0,0,0
features,79,0,0,0
algorithm,77,0,0,0
sexual,77,0,0,0
level,77,0,0,0
power,76,0,0,0
computer,76,0,0,0
psychological,76,0,0,0
surgery,76,0,0,0
hospital,75,0,0,0
machine,75,0,0,0
response,75,0,0,0
service,74,0,0,0
visual,74,0,0,0
population,74,0,0,0
semantic,72,0,0,0
international,72,0,0,0
energy,72,0,0,0
influence,71,0,0,0
change,70,0,0,0
engineering,70,0,0,0
agents,70,0,0,0
life,69,0,0,0
search,68,0,0,0
practice,67,0,0,0
group,67,0,0,0
ai,67,0,0,0
feature,67,0,0,0
factors,66,0,0,0
healthcare,66,0,1,0
natural,66,0,0,0
's,66,0,0,0
diseases,65,0,1,0
video,65,0,0,0
artificial,65,0,0,0
journalism,65,0,0,0
training,64,0,0,0
’,64,0,0,0
mental,63,0,0,0
child,63,0,0,0
state,63,0,0,0
safety,63,1,0,0
personal,63,0,0,0
high,63,0,0,0
problems,62,0,0,0
crisis,62,1,0,0
climate,62,0,0,0
testing,61,0,0,0
mobile,61,0,0,0
.,61,0,0,0
based,61,0,0,0
impact,60,0,0,0
national,60,0,0,0
multiple,59,0,0,0
emergency,59,1,0,0
FALSE,58,0,0,0
interaction,58,0,0,0
retrieval,58,0,0,0
strategies,58,0,0,0
transmission,57,0,1,0
professional,57,0,0,0
disorders,57,0,1,0
rate,57,0,0,0
strategy,57,0,0,0
tools,57,0,0,0
intervention,57,0,0,0
error,56,0,0,0
computational,56,0,0,0
factor,56,0,0,0
protection,56,1,0,0
family,56,0,0,0
new,55,0,0,0
applications,55,0,0,0
technologies,55,0,0,0
platform,55,0,0,1
government,55,0,0,0
injury,55,0,0,0
women,55,0,0,0
monitoring,55,0,0,0
pain,54,0,0,0
history,54,0,0,0
attitude,54,0,0,0
verification,54,0,0,0
economic,53,0,0,1
a,53,0,0,0
activity,53,0,0,0
dental,53,0,0,0
as,53,0,0,0
domain,53,0,0,0
structure,52,0,0,0
prevention,52,0,0,0
stress,52,0,0,0
people,52,0,0,0
pandemic,52,0,1,0
nursing,52,0,0,0
attitudes,51,0,0,0
industry,51,0,0,1
temporal,51,0,0,0
framework,51,0,0,0
manipulation,51,0,0,1
diffusion,51,0,1,0
prediction,51,0,0,0
disinformation,51,0,0,0
brain,50,0,0,0
vector,50,0,1,0
pregnancy,49,0,0,0
perception,49,0,0,0
on,49,0,0,0
world,49,0,0,0
low,49,0,0,0
beliefs,49,0,0,0
cultural,49,0,0,0
access,49,0,0,0
body,49,0,0,0
respiratory,49,0,0,0
breast,48,0,0,0
behaviour,48,0,0,0
school,48,0,0,0
psychology,48,0,0,0
ethics,48,0,0,0
dynamics,47,0,0,0
reasoning,47,0,0,0
recognition,47,0,0,0
groups,47,0,0,0
optimization,47,0,0,0
behavioral,47,0,0,0
application,46,0,0,0
communications,46,0,0,0
communities,46,0,0,0
self,46,0,0,0
emotional,46,0,0,0
student,46,0,0,0
practices,46,0,0,0
identity,45,0,0,0
distributed,45,0,0,0
heart,45,0,0,0
s,45,0,0,0
market,45,0,0,1
tumor,45,0,0,0
environment,45,0,0,0
sources,45,0,0,0
products,44,0,0,1
eye,44,0,0,0
marketing,44,0,0,1
credibility,44,0,0,0
-,44,0,0,0
survey,44,0,0,0
speech,44,0,0,0
automated,44,0,0,0
exposure,44,0,0,0
sharing,44,0,0,0
administration,44,0,0,0
urban,44,0,0,0
characteristics,44,0,0,0
lung,44,0,0,0
positive,44,0,0,0
deep,43,0,0,0
hybrid,43,0,0,0
barriers,43,0,0,0
face,43,0,0,0
review,43,0,0,0
tool,43,0,0,0
regulation,43,0,0,0
computing,43,0,0,0
consumer,42,0,0,0
electronic,42,0,0,0
perceived,42,0,0,0
cyber,42,0,0,0
attack,42,1,0,0
measures,42,0,0,0
coronavirus,42,0,1,0
open,42,0,0,0
culture,42,0,0,0
statistical,42,0,0,0
water,42,0,0,0
extraction,42,0,0,1
biological,41,0,0,0
resources,41,0,0,1
engagement,41,0,0,0
skin,41,0,0,0
propagation,41,0,1,0
students,41,0,0,0
program,41,0,0,0
loss,41,0,0,0
belief,41,0,0,0
nutrition,41,0,0,0
field,41,0,0,0
educational,41,0,0,0
chronic,41,0,1,0
vaccines,41,0,1,0
resource,41,0,0,1
approaches,40,0,0,0
work,40,0,0,0
physical,40,0,0,0
animal,40,0,0,0
automatic,40,0,0,0
score,40,0,0,0
selection,40,0,0,0
general,40,0,0,0
genetic,40,0,0,0
maternal,40,0,0,0
death,40,0,0,0
privacy,40,0,0,0
opinion,40,0,0,0
platforms,40,0,0,1
regression,40,0,0,0
images,40,0,0,0
],39,0,0,0
epistemic,39,0,0,0
problem,39,0,0,0
distribution,39,0,0,0
product,39,0,0,0
function,39,0,0,0
experience,39,0,0,0
virtual,39,0,0,0
game,39,0,0,0
awareness,39,0,0,0
behaviors,39,0,0,0
flow,39,0,0,0
gender,39,0,0,0
evidence,38,0,0,0
solutions,38,0,0,0
random,38,0,0,0
planning,38,0,0,0
making,38,0,0,0
conflict,38,1,0,0
accuracy,38,0,0,0
index,38,0,0,0
languages,38,0,0,0
expert,38,0,0,0
intelligent,38,0,0,0
[,38,0,0,0
generation,38,0,0,0
truth,37,0,0,0
plus,37,0,0,0
qualitative,37,0,0,0
message,37,0,0,0
organizational,37,0,0,1
delivery,37,0,0,0
context,37,0,0,0
failure,37,0,0,0
mining,37,0,0,0
war,37,1,0,0
users,37,0,0,0
weight,37,0,0,0
sex,37,0,0,0
oil,37,0,0,0
immunization,37,0,1,0
acute,37,0,0,0
rumor,37,0,0,0
financial,37,0,0,1
risks,37,0,0,0
construction,37,0,0,0
organization,36,0,0,1
local,36,0,0,0
perceptions,36,0,0,0
frequency,36,0,0,0
electric,36,0,0,0
modelling,36,0,0,0
politics,36,0,0,0
value,36,0,0,1
hiv,36,0,0,0
questionnaire,36,0,0,0
dynamic,36,0,0,0
rights,36,0,0,0
issues,36,0,0,0
potential,35,0,0,0
visualization,35,0,0,0
software,35,0,0,0
games,35,0,0,0
female,35,0,0,0
twitter,35,0,0,0
viral,35,0,1,0
parameters,35,0,0,0
receptor,35,0,0,0
legal,35,0,0,0
events,35,0,0,0
2,35,0,0,0
with,35,0,0,0
discourse,34,0,0,0
diagnosis,34,0,1,0
negative,34,0,0,0
term,34,0,0,0
movement,34,0,0,0
growth,34,0,1,0
forensic,34,0,0,0
gas,34,0,0,0
representation,34,0,0,0
type,34,0,0,0
cost,34,0,0,1
reporting,34,0,0,0
diet,34,0,0,0
forest,34,0,0,0
stem,34,0,0,0
status,34,0,0,0
:,34,0,0,0
law,34,0,0,0
abortion,34,0,0,0
society,33,0,0,0
oral,33,0,0,0
tobacco,33,0,0,0
mass,33,0,0,0
resistance,33,1,0,0
optimal,33,0,0,0
relations,33,0,0,0
attention,33,0,0,0
complex,33,0,0,0
policies,33,0,0,0
spread,33,0,1,0
messaging,33,0,0,0
epidemic,32,0,1,0
graphs,32,0,0,0
alternative,32,0,0,0
noise,32,0,0,0
short,32,0,0,0
campaign,32,0,0,0
levels,32,0,0,0
related,32,0,0,0
anxiety,32,0,0,0
nuclear,32,0,0,0
personnel,32,0,0,0
disaster,32,1,0,0
dietary,31,0,0,0
extract,31,0,0,1
workers,31,0,0,1
interactive,31,0,0,0
gene,31,0,0,0
linguistic,31,0,0,0
screening,31,0,0,0
covid,31,0,1,0
contraceptive,31,0,0,0
conspiracy,31,0,0,0
production,31,0,0,1
carcinoma,31,0,0,0
key,31,0,0,0
black,31,0,0,0
tissue,31,0,0,0
mechanism,31,0,0,0
american,31,0,0,0
chemical,31,0,0,0
correction,30,0,0,0
thinking,30,0,0,0
experimental,30,0,0,0
drugs,30,0,0,0
european,30,0,0,0
academic,30,0,0,0
informations,30,0,0,0
imaging,30,0,0,0
age,30,0,0,0
african,30,0,0,0
measurement,30,0,0,0
relationships,30,0,0,0
reproductive,30,0,0,0
technique,30,0,0,0
real,30,0,0,0
violence,30,1,0,0
worker,29,0,0,1
central,29,0,0,0
skills,29,0,0,0
tests,29,0,0,0
choice,29,0,0,0
active,29,0,0,0
influenza,29,0,1,0
tract,29,0,0,0
organizations,29,0,0,0
reaction,29,0,0,0
fusion,29,0,0,0
joint,29,0,0,0
pediatric,29,0,0,0
inhibitor,29,0,0,0
attacks,29,1,0,0
collaborative,29,0,0,0
individual,29,0,0,0
sars-cov-2,29,0,1,0
analyse,29,0,0,0
dataset,29,0,0,0
procedures,29,0,0,0
infections,28,0,1,0
word,28,0,0,0
pattern,28,0,0,0
liver,28,0,0,0
surgical,28,0,0,0
case,28,0,0,0
antibody,28,0,0,0
governance,28,0,0,0
library,28,0,0,0
estimation,28,0,0,0
association,28,0,0,0
trial,28,0,0,0
neoplasms,28,0,0,0
male,28,0,0,0
south,28,0,0,0
multimodal,28,0,0,0
de,28,0,0,0
consumption,28,0,0,1
sampling,28,0,0,0
signal,28,0,0,0
functional,28,0,0,0
right,28,0,0,0
countries,28,0,0,0
business,28,0,0,0
malicious,28,1,0,0
adversarial,28,1,0,0
&,28,0,0,0
derivative,28,0,0,0
acceptance,28,0,0,0
seeking,28,0,0,0
programming,27,0,0,0
action,27,0,0,0
hepatitis,27,0,1,0
set,27,0,0,0
psychiatric,27,0,0,0
document,27,0,0,0
optical,27,0,0,0
collective,27,0,0,0
smart,27,0,0,0
kidney,27,0,0,0
plant,27,0,0,0
phase,27,0,0,0
linear,27,0,0,0
nutritional,27,0,0,0
infant,27,0,0,0
structural,27,0,0,0
space,27,0,0,0
diagnostic,27,0,1,0
ethical,27,0,0,0
processes,27,0,0,0
feedback,27,0,0,0
node,27,0,0,0
fact-checking,27,0,0,0
transfer,27,0,0,0
event,27,0,0,0
theories,27,0,0,0
conservation,27,0,0,0
architecture,27,0,0,0
pressure,27,0,0,0
center,27,0,0,0
task,27,0,0,0
quantitative,27,0,0,0
programs,27,0,0,0
structures,27,0,0,0
large,27,0,0,0
adolescent,27,0,0,0
surveillance,27,0,0,0
errors,27,0,0,0
muscle,27,0,0,0
sustainable,26,0,0,0
sleep,26,0,0,0
adverse,26,1,0,0
depression,26,0,0,0
simulation,26,0,0,0
pharmacy,26,0,0,0
personality,26,0,0,0
transformer,26,0,0,0
alcohol,26,0,0,0
election,26,0,0,0
dna,26,0,0,0
abuse,26,0,0,0
generative,26,0,0,0
infrastructure,26,0,0,0
peer,26,0,0,0
b,26,0,0,0
reduction,26,0,0,0
systematic,26,0,0,0
analytics,26,0,0,0
radiation,26,0,0,0
citizen,26,0,0,0
advertising,26,0,0,1
technical,26,0,0,0
algorithmic,26,0,0,0
early,26,0,0,0
interventions,26,0,1,0
',26,0,0,0
university,26,0,0,0
first,25,0,0,0
literature,25,0,0,0
patterns,25,0,0,0
emerging,25,0,1,0
infectious,25,0,1,0
chain,25,0,0,0
hormone,25,0,0,0
light,25,0,0,0
device,25,0,0,0
mortality,25,0,1,0
diabetes,25,0,1,0
vision,25,0,0,0
mechanisms,25,0,0,0
integrated,25,0,0,0
spatial,25,0,0,0
audio,25,0,0,0
ensemble,25,0,0,0
multi,24,0,0,0
procedure,24,0,0,0
stochastic,24,0,0,0
narrative,24,0,0,0
novel,24,0,0,0
innovation,24,0,0,0
birth,24,0,0,0
fuzzy,24,0,0,0
claims,24,0,0,0
secondary,24,0,0,0
laboratory,24,0,1,0
nurse,24,0,1,0
values,24,0,0,0
home,24,0,0,0
building,24,0,0,0
equipment,24,0,0,0
threat,24,1,0,0
children,24,0,0,0
milk,24,0,0,0
bone,24,0,0,0
bayesian,24,0,0,0
database,24,0,0,0
fear,24,1,0,0
similarity,24,0,0,0
rating,24,0,0,0
migration,23,0,0,0
surveys,23,0,0,0
democratic,23,0,0,0
on-line,23,0,0,0
moral,23,0,0,0
regulatory,23,0,0,0
teaching,23,0,0,0
results,23,0,0,0
foreign,23,0,0,0
validation,23,0,0,0
smoking,23,0,0,0
emotion,23,0,0,0
aspects,23,0,0,0
comparative,23,0,0,0
role,23,0,0,0
economy,23,0,0,1
frameworks,23,0,0,0
childhood,23,0,0,0
bacterial,23,0,0,0
dose,23,0,0,0
materials,23,0,0,0
occupational,23,0,0,0
cognition,23,0,0,0
sector,23,0,0,0
diversity,23,0,0,0
cross,22,0,0,0
primary,22,0,0,0
interactions,22,0,0,0
area,22,0,0,0
differential,22,0,0,0
freedom,22,0,0,0
representations,22,0,0,0
waste,22,0,0,0
rapid,22,0,0,0
synthetic,22,0,0,0
technological,22,0,0,0
experiment,22,0,0,0
africa,22,0,0,0
ethnic,22,0,0,0
reliability,22,0,0,0
predictive,22,0,0,0
discovery,22,0,0,0
long,22,0,0,0
mitigation,22,0,1,0
outcome,22,0,0,0
fact,22,0,0,0
functions,22,0,0,0
chinese,22,0,0,0
future,22,0,0,0
relationship,22,0,0,0
person,22,0,0,0
deepfake,22,0,0,0
indigenous,22,0,0,0
private,22,0,0,0
dissemination,21,0,1,0
claim,21,0,0,0
specific,21,0,0,0
justice,21,0,0,0
interview,21,0,0,0
classifier,21,0,0,0
tomography,21,0,0,0
traffic,21,0,0,0
measure,21,0,0,0
target,21,0,0,0
challenges,21,0,0,0
classifiers,21,0,0,0
solution,21,0,0,0
united,21,0,0,0
industrial,21,0,0,0
evidence-based,21,0,1,0
resilience,21,0,1,0
military,21,1,0,0
good,21,0,0,0
molecular,21,0,0,0
ecosystem,21,0,0,0
forensics,21,0,0,0
racial,21,0,0,0
hesitancy,21,0,0,0
religious,21,0,0,0
uncertainty,21,0,0,0
centers,21,0,0,0
civil,21,0,0,0
income,21,0,0,0
translation,21,0,0,0
efficiency,21,0,0,0
clustering,21,0,0,0
misleading,21,0,0,0
intake,21,0,0,0
controlled,21,0,0,0
insurance,21,0,0,0
crime,21,0,0,0
capacity,20,0,0,0
trends,20,0,0,0
counseling,20,0,0,0
convolutional,20,0,0,0
phenomena,20,0,0,0
understanding,20,0,0,0
distance,20,0,0,0
or,20,0,0,0
fracture,20,0,0,0
preventive,20,0,1,0
papillomavirus,20,0,0,0
discussion,20,0,0,0
decision-making,20,0,0,0
messages,20,0,0,0
sample,20,0,0,0
1,20,0,0,0
commercial,20,0,0,0
institutions,20,0,0,0
vehicle,20,0,0,0
devices,20,0,0,0
east,20,0,0,0
young,20,0,0,0
protocol,20,0,0,0
act,20,0,0,0
needs,20,0,0,0
transportation,20,0,0,0
rural,20,0,0,0
standards,20,0,0,0
transfusion,19,0,0,0
decisions,19,0,0,0
myths,19,0,0,0
machines,19,0,0,0
supervised,19,0,0,0
integrity,19,0,0,0
minority,19,0,0,0
impacts,19,0,0,0
contact,19,0,0,0
knee,19,0,0,0
conceptual,19,0,0,0
by,19,0,0,0
examination,19,0,0,0
tooth,19,0,0,0
sets,19,0,0,0
concept,19,0,0,0
cardiovascular,19,0,0,0
non,19,0,0,0
disability,19,0,0,0
facial,19,0,0,0
embedding,19,0,0,0
heat,19,0,0,0
shared,19,0,0,0
sequence,19,0,0,0
recommendation,19,0,0,0
point,19,0,0,0
adult,19,0,0,0
informal,19,0,0,0
empirical,19,0,0,0
campaigns,19,1,0,0
current,19,0,0,0
spinal,19,0,0,0
sentiment,19,0,0,0
head,19,0,0,0
domains,19,0,0,0
partial,19,0,0,0
inference,19,0,0,0
approximation,19,0,0,0
implementation,19,0,0,0
tracking,19,0,0,0
websites,18,0,0,0
binary,18,0,0,0
immunity,18,0,0,0
object,18,0,0,0
art,18,0,0,0
experiences,18,0,0,0
metrics,18,0,0,1
relation,18,0,0,0
region,18,0,0,0
provider,18,0,0,0
unit,18,0,0,0
species,18,0,0,0
reading,18,0,0,0
integration,18,0,0,0
urinary,18,0,0,0
economics,18,0,0,1
fields,18,0,0,0
fault,18,0,0,0
opioid,18,0,0,0
immune,18,0,0,0
induced,18,0,0,0
costs,18,0,0,0
selective,18,0,0,0
spreading,18,0,1,0
contraception,18,0,0,0
physician,18,0,1,0
collaboration,18,0,0,0
labeling,18,0,0,0
populations,18,0,0,0
size,18,0,0,0
real-time,18,0,0,0
numerical,18,0,0,0
mobility,18,0,0,0
component,18,0,0,0
ratio,18,0,0,0
patients,18,0,1,0
19,18,0,0,0
hip,18,0,0,0
single,18,0,0,0
site,18,0,0,0
fever,18,0,0,0
sports,18,0,0,0
mapping,18,0,0,0
tree,18,0,0,0
changes,18,0,0,0
effective,18,0,1,0
intention,18,0,0,0
environments,18,0,0,0
supply,18,0,0,0
parental,18,0,0,0
advanced,18,0,0,0
illness,18,0,1,0
density,18,0,0,0
effectiveness,18,0,1,0
electoral,18,0,0,0
sensing,18,0,0,0
deception,18,0,0,0
voting,18,0,0,0
elections,17,0,0,0
statistics,17,0,0,0
informatics,17,0,0,0
internal,17,0,0,0
focus,17,0,0,0
adaptive,17,0,0,0
norms,17,0,0,0
damage,17,1,0,0
properties,17,0,0,0
threats,17,1,0,0
wireless,17,0,0,0
participation,17,0,0,0
audience,17,0,0,0
propaganda,17,1,0,0
sensor,17,0,0,0
harm,17,0,0,0
analytical,17,0,0,0
kinase,17,0,0,0
multimedia,17,0,0,0
mixed,17,0,0,0
formal,17,0,0,0
injection,17,0,0,0
middle,17,0,0,0
t,17,0,0,0
biomedical,17,0,0,0
evolution,17,0,0,0
polarization,17,0,0,0
protective,17,1,0,0
theoretical,17,0,0,0
writing,17,0,0,0
color,17,0,0,0
property,17,0,0,1
stability,17,0,0,0
comparison,17,0,0,0
addiction,17,0,0,0
load,17,0,0,0
psychosocial,17,0,0,0
project,17,0,0,0
organic,17,0,0,0
reality,17,0,0,0
perspective,17,0,0,0
guidelines,17,0,0,0
preference,17,0,0,0
interface,17,0,0,0
discrete,17,0,0,0
trade,17,0,0,1
toxicity,17,0,1,0
networking,17,0,0,0
hearing,17,0,0,0
cycle,17,0,0,0
equilibrium,17,0,0,0
formation,17,0,0,0
witness,17,0,0,0
plasma,17,0,0,0
trials,17,0,0,0
correlation,17,0,0,0
criminal,17,0,0,0
contextual,17,0,0,0
promotion,17,0,0,0
vitamin,17,0,0,0
consensus,17,0,0,0
mathematical,17,0,0,0
agricultural,17,0,0,0
cooperative,17,0,0,0
partisan,17,0,0,0
societal,16,0,0,0
sentence,16,0,0,0
regional,16,0,0,0
bayes,16,0,0,0
proteins,16,0,0,0
medication,16,0,0,0
well-being,16,0,0,0
air,16,0,0,0
line,16,0,0,0
compression,16,0,0,0
white,16,0,0,0
republic,16,0,0,0
bot,16,0,0,0
severe,16,0,0,0
channels,16,0,0,0
types,16,0,0,0
latent,16,0,0,0
therapeutic,16,0,0,0
unsupervised,16,0,0,0
designs,16,0,0,0
cells,16,0,0,0
confidence,16,0,0,0
textual,16,0,0,0
exchange,16,0,0,1
deficiency,16,0,0,0
satisfaction,16,0,0,0
strategic,16,1,0,1
question,16,0,0,0
evolutionary,16,0,0,0
experts,16,0,0,0
hierarchical,16,0,0,0
defense,16,1,1,0
conditions,16,0,0,0
activities,16,0,0,0
multi-modal,16,0,0,0
journalistic,16,0,0,0
storage,16,0,0,0
stigma,16,0,0,0
sodium,16,0,0,0
big,16,0,0,0
sensitivity,16,0,0,0
epistemology,16,0,0,0
reference,16,0,0,0
spectrum,16,0,0,0
eating,16,0,0,0
carbon,16,0,0,0
symptom,16,0,1,0
implications,16,0,0,0
equity,16,0,0,0
post,16,0,0,0
resolution,16,0,0,0
long-term,16,0,0,0
videos,16,0,0,0
reviews,16,0,0,0
substance,16,0,0,0
causal,16,0,0,0
perspectives,16,0,0,0
migrant,16,0,0,0
allocation,16,0,0,0
fluid,16,0,0,0
web-based,16,0,0,0
operations,16,0,0,0
sites,15,0,0,0
free,15,0,0,0
number,15,0,0,0
aids,15,0,0,0
transform,15,0,0,0
rates,15,0,0,0
criteria,15,0,0,0
intensive,15,0,0,0
warfare,15,1,0,0
motivation,15,0,0,0
informational,15,0,0,0
attribution,15,0,0,0
probability,15,0,0,0
obesity,15,0,0,0
essential,15,0,0,0
packaging,15,0,0,0
google,15,0,0,0
prenatal,15,0,0,0
framing,15,0,0,0
men,15,0,0,0
validity,15,0,0,0
c,15,0,0,0
probabilistic,15,0,0,0
vehicles,15,0,0,0
geographic,15,0,0,0
genital,15,0,0,0
decentralized,15,0,0,0
youth,15,0,0,0
movements,15,0,0,0
logistic,15,0,0,0
concepts,15,0,0,0
fire,15,0,0,0
sensors,15,0,0,0
temperature,15,0,0,0
deceptive,15,0,0,0
medicines,15,0,0,0
fundamental,15,0,0,0
chemistry,15,0,0,0
semantics,15,0,0,0
setting,15,0,0,0
legislation,15,0,0,0
bidirectional,15,0,0,0
psychiatry,15,0,0,0
outcomes,15,0,0,0
us,15,0,0,0
synthesis,15,0,0,0
blocking,15,0,0,0
markets,15,0,0,1
states,15,0,0,0
television,15,0,0,0
randomized,15,0,0,0
cellular,15,0,0,0
fetal,15,0,0,0
asian,15,0,0,0
verbal,15,0,0,0
components,15,0,0,0
cortex,15,0,0,0
record,15,0,0,0
tasks,15,0,0,0
capital,15,0,0,1
newborn,15,0,0,0
common,15,0,0,0
traditional,15,0,0,0
heterogeneous,15,0,0,0
labor,15,0,0,1
datasets,15,0,0,0
cues,15,0,0,0
coverage,15,0,0,0
independent,15,0,0,0
utilization,15,0,0,0
arabic,15,0,0,0
hygiene,15,0,0,0
democracy,15,0,0,0
behaviours,15,0,0,0
physiological,15,0,0,0
advocacy,15,0,0,0
rumors,15,0,0,0
transplantation,15,0,0,0
ranking,15,0,0,0
gap,14,0,0,0
hpv,14,0,0,0
agency,14,0,0,0
immigrant,14,0,0,0
reconstruction,14,0,0,0
fertility,14,0,0,0
judgment,14,0,0,0
domestic,14,0,0,0
preparedness,14,0,0,0
modified,14,0,0,0
survival,14,1,0,0
retina,14,0,0,0
background,14,0,0,0
corporate,14,0,0,0
intellectual,14,0,0,0
north,14,0,0,0
operation,14,0,0,0
dimensions,14,0,0,0
structured,14,0,0,0
topical,14,0,0,0
detections,14,0,0,0
institutional,14,0,0,0
metabolism,14,0,0,0
soft,14,0,0,0
cardiac,14,0,0,0
cascade,14,0,0,0
nerve,14,0,0,0
eyewitness,14,0,0,0
pollution,14,0,0,0
feeding,14,0,0,0
fatty,14,0,0,0
ecological,14,0,0,0
western,14,0,0,0
format,14,0,0,0
class,14,0,0,0
pedagogy,14,0,0,0
donor,14,0,0,0
hypothesis,14,0,0,0
fiber,14,0,0,0
multilingual,14,0,0,0
congenital,14,0,0,0
topics,14,0,0,0
amplification,14,0,0,0
graphical,14,0,0,0
different,14,0,0,0
civic,14,0,0,0
spam,14,0,0,0
location,14,0,0,0
label,14,0,0,0
material,14,0,0,0
demographic,14,0,0,0
signals,14,0,0,0
distress,14,0,0,0
large-scale,14,0,0,0
sterilization,14,0,0,0
susceptibility,14,0,0,0
corpus,14,0,0,0
historical,14,0,0,0
link,14,0,0,0
adrenal,14,0,0,0
‘,14,0,0,0
authorities,14,0,0,0
competence,14,0,0,0
three,14,0,0,0
rna,14,0,0,0
teachers,14,0,0,0
recurrent,14,0,0,0
expression,14,0,0,0
analytic,14,0,0,0
forgery,14,0,0,0
artery,14,0,0,0
prescription,14,0,0,0
recall,14,0,0,0
reactions,14,0,0,0
citation,14,0,0,0
dark,14,0,0,0
agenda,14,0,0,0
side,14,0,0,0
interest,14,0,0,0
libraries,14,0,0,0
magnetic,14,0,0,0
matching,14,0,0,0
fetus,14,0,0,0
asia,14,0,0,0
assisted,14,0,0,0
embeddings,13,0,0,0
operational,13,0,0,0
panel,13,0,0,0
spf,13,0,0,0
influences,13,0,0,0
immunodeficiency,13,0,0,0
nodes,13,0,0,0
centrality,13,0,0,0
benefits,13,0,0,1
from,13,0,0,0
methodology,13,0,0,0
relevance,13,0,0,0
filtering,13,0,0,0
root,13,0,0,0
hazard,13,0,0,0
sensory,13,0,0,0
records,13,0,0,0
``,13,0,0,0
citizenship,13,0,0,0
stance,13,0,0,0
generalized,13,0,0,0
paper,13,0,0,0
biology,13,0,0,0
developmental,13,0,0,0
maintenance,13,0,0,0
infodemic,13,0,1,0
parent,13,0,0,0
inflammatory,13,0,0,0
x,13,0,0,0
uptake,13,0,0,0
logic,13,0,0,0
article,13,0,0,0
injuries,13,0,0,0
direct,13,0,0,0
markov,13,0,0,0
apps,13,0,0,0
accident,13,0,0,0
order,13,0,0,0
exercise,13,0,0,0
code,13,0,0,0
voice,13,0,0,0
about,13,0,0,0
disparities,13,0,0,0
earthquake,13,0,0,0
competitive,13,0,0,0
providers,13,0,1,0
interests,13,0,0,0
maximum,13,0,0,0
inclusion,13,0,0,0
website,13,0,0,0
channel,13,0,0,0
adaptation,13,0,0,0
labels,13,0,0,0
contamination,13,0,1,0
recovery,13,0,1,0
authentication,13,0,0,0
vaginal,13,0,0,0
situational,13,0,0,0
trauma,13,0,0,0
prostate,13,0,0,0
elements,13,0,0,0
small,13,0,0,0
equation,13,0,0,0
facebook,13,0,0,0
sciences,13,0,0,0
argumentation,13,0,0,0
corrective,13,0,0,0
factual,13,0,0,0
need,13,0,0,0
compliance,13,0,0,0
removal,13,0,0,0
limited,13,0,0,0
severity,13,0,0,0
naive,13,0,0,0
pulmonary,13,0,0,0
checking,13,0,0,0
laser,13,0,0,0
team,13,0,0,0
conversational,13,0,0,0
report,13,0,0,0
blockchain,13,0,0,0
variable,13,0,0,0
pipeline,13,0,0,0
texts,13,0,0,0
activism,13,0,0,0
autonomous,13,0,0,0
film,12,0,0,0
adherence,12,0,0,0
staff,12,0,0,0
robust,12,0,0,0
presidential,12,0,0,0
electrical,12,0,0,0
hierarchy,12,0,0,0
lymphocyte,12,0,1,0
health-related,12,0,1,0
fourier,12,0,0,0
plants,12,0,0,0
adults,12,0,0,0
assessments,12,0,0,0
3,12,0,0,0
standard,12,0,0,0
radical,12,0,0,0
fast,12,0,0,0
price,12,0,0,0
difference,12,0,0,0
curriculum,12,0,0,0
gradient,12,0,0,0
wavelet,12,0,0,0
engine,12,0,0,0
instruction,12,0,0,0
u.s.,12,0,0,0
refusal,12,0,0,0
city,12,0,0,0
beta,12,0,0,0
bladder,12,0,0,0
discrimination,12,0,0,0
complementary,12,0,0,0
fuel,12,0,0,0
responses,12,0,0,0
soil,12,0,0,0
implant,12,0,0,0
replacement,12,0,0,0
cloud,12,0,0,0
cause,12,0,0,0
generated,12,0,0,0
living,12,0,0,0
inventory,12,0,0,0
transition,12,0,0,0
pre-trained,12,0,0,0
ventilation,12,0,0,0
affective,12,0,0,0
under,12,0,0,0
complexity,12,0,0,0
volume,12,0,0,0
moderation,12,0,0,0
reliable,12,0,0,0
expertise,12,0,0,0
contents,12,0,0,0
rehabilitation,12,0,0,0
speed,12,0,0,0
agencies,12,0,0,0
nervous,12,0,0,0
persuasive,12,0,0,0
surface,12,0,0,0
fraud,12,0,0,0
lstm,12,0,0,0
areas,12,0,0,0
annotation,12,0,0,0
differentiation,12,0,0,0
tweet,12,0,0,0
oxygen,12,0,0,0
facilities,12,0,0,0
gastrointestinal,12,0,1,0
great,12,0,0,0
scoring,12,0,0,0
calcium,12,0,0,0
remote,12,0,0,0
2019,12,0,0,0
coding,12,0,0,0
interpersonal,12,0,0,0
philosophy,12,0,0,0
century,12,0,0,0
cervical,12,0,0,0
concerns,12,0,0,0
k,12,0,0,0
uterine,12,0,0,0
experiments,12,0,0,0
vulnerability,12,0,1,0
healthy,12,0,1,0
curve,11,0,0,0
relative,11,0,0,0
'',11,0,0,0
qualities,11,0,0,0
generations,11,0,0,0
implicit,11,0,0,0
basic,11,0,0,0
dependent,11,0,0,0
ontology,11,0,0,0
scenarios,11,0,0,0
profiling,11,0,0,0
schools,11,0,0,0
parallel,11,0,0,0
signaling,11,0,0,0
landscape,11,0,0,0
english,11,0,0,0
coherence,11,0,0,0
wave,11,0,0,0
welfare,11,0,0,0
resonance,11,0,0,0
modern,11,0,0,0
marine,11,0,0,0
america,11,0,0,0
description,11,0,0,0
questions,11,0,0,0
d,11,0,0,0
narratives,11,0,0,0
objective,11,0,0,0
usage,11,0,0,0
stages,11,0,0,0
map,11,0,0,0
herbal,11,0,0,0
professionals,11,0,0,0
profiles,11,0,0,0
coping,11,0,0,0
activation,11,0,0,0
comments,11,0,0,0
mutation,11,0,0,0
press,11,0,0,0
other,11,0,0,0
matrix,11,0,0,0
therapies,11,0,0,0
willingness,11,0,0,0
trace,11,0,0,0
department,11,0,0,0
warning,11,0,0,0
intentions,11,0,0,0
pacific,11,0,0,0
alignment,11,0,0,0
estrogen,11,0,0,0
i,11,0,0,0
hot,11,0,0,0
spaces,11,0,0,0
utility,11,0,0,0
glucose,11,0,0,0
like,11,0,0,0
edema,11,0,0,0
inequality,11,0,0,0
racism,11,0,0,0
disclosure,11,0,0,0
interdisciplinary,11,0,0,0
persuasion,11,0,0,0
concentration,11,0,0,0
trait,11,0,0,0
tax,11,0,0,0
emissions,11,0,0,0
adoption,11,0,0,0
malformation,11,0,0,0
subjective,11,0,0,0
filter,11,0,0,0
antigen,11,0,0,0
discern,11,0,0,0
inhibitors,11,0,0,0
compounds,11,0,0,0
solid,11,0,0,0
hand,11,0,0,0
job,11,0,0,1
oxidase,11,0,0,0
responsibility,11,0,0,0
second,11,0,0,0
systemic,11,0,0,0
documents,11,0,0,0
operating,11,0,0,0
multi-agent,11,0,0,0
sound,11,0,0,0
ecology,11,0,0,0
transforms,11,0,0,0
inoculation,11,0,0,0
nature,11,0,0,0
dual,11,0,0,0
participatory,11,0,0,0
graduate,11,0,0,0
forced,11,0,0,0
external,11,0,0,0
leakage,11,0,0,0
denial,11,0,0,0
accountability,11,0,0,0
toxic,11,0,1,0
mathematics,11,0,0,0
actions,11,0,0,0
manual,11,0,0,0
transformation,11,0,0,0
stimulation,11,0,0,0
transport,11,0,0,0
efficacy,11,0,0,1
industries,11,0,0,1
reports,11,0,0,0
consent,11,0,0,0
informed,11,0,0,0
mechanical,11,0,0,0
dimensional,11,0,0,0
preferences,11,0,0,0
hair,11,0,0,0
cannabis,11,0,0,0
rule,11,0,0,0
sense,10,0,0,0
interference,10,0,1,0
chatbot,10,0,0,0
police,10,0,0,0
gaussian,10,0,0,0
form,10,0,0,0
counter,10,0,0,0
situation,10,0,0,0
fat,10,0,0,0
chains,10,0,0,0
green,10,0,0,0
6,10,0,0,0
pulse,10,0,0,0
information-seeking,10,0,0,0
working,10,0,0,0
contexts,10,0,0,0
laws,10,0,0,0
teacher,10,0,0,0
cord,10,0,0,0
household,10,0,0,0
epidemiological,10,0,1,0
federal,10,0,0,0
projects,10,0,0,0
neck,10,0,0,0
input,10,0,0,0
indicators,10,0,0,0
mean,10,0,0,0
oncology,10,0,0,0
transgender,10,0,0,0
lifestyle,10,0,0,0
third,10,0,0,0
invasive,10,0,1,0
intrusion,10,1,0,0
metabolic,10,0,1,0
norm,10,0,0,0
localization,10,0,0,0
organ,10,0,0,0
breastfeeding,10,0,0,0
tolerance,10,0,0,0
aggregation,10,0,0,0
immunoglobulin,10,0,1,0
exploitation,10,0,0,1
minorities,10,0,0,0
provenance,10,0,0,0
simulations,10,0,0,0
inhibition,10,0,0,0
insulin,10,0,1,0
radiology,10,0,0,0
stakeholder,10,0,0,0
transparency,10,0,0,0
booster,10,0,1,0
return,10,0,0,0
passive,10,0,0,0
older,10,0,0,0
who,10,0,0,0
major,10,0,0,0
extreme,10,0,0,0
sensitive,10,0,0,0
tourism,10,0,0,1
brazilian,10,0,0,0
renal,10,0,0,0
collection,10,0,0,0
biopsy,10,0,0,0
allergy,10,0,0,0
bacterium,10,0,0,0
la,10,0,0,0
crowdsourcing,10,0,0,0
mineral,10,0,0,0
publications,10,0,0,0
trees,10,0,0,0
party,10,0,0,0
anterior,10,0,0,0
arab,10,0,0,0
length,10,0,0,0
suggestibility,10,0,0,0
overload,10,0,0,0
delay,10,,,
recommendations,10,,,
reinforcement,10,,,
russian,10,,,
obstetric,10,,,
computed,10,,,
hemorrhage,10,,,
anomaly,10,,,
innovative,10,,,
outbreak,10,,,
applied,10,,,
prosthesis,10,,,
spine,10,,,
longitudinal,10,,,
west,10,,,
faculty,10,,,
cosmetic,10,,,
authority,10,,,
release,10,,,
convolution,10,,,
datum,10,,,
h1n1,10,,,
associated,10,,,
is,10,,,
usability,10,,,
socioeconomic,10,,,
daily,10,,,
americans,10,,,
donation,10,,,
determinants,10,,,
palliative,10,,,
distributions,10,,,
output,10,,,
plastic,10,,,
interviewing,10,,,
rejection,10,,,
ad,10,,,
pharmaceutical,10,,,
fish,10,,,
condition,10,,,
strength,10,,,
thrombosis,10,,,
course,10,,,
argument,10,,,
universal,10,,,
facts,10,,,
query,10,,,
career,10,,,
transaction,10,,,
epidemiology,10,,,
#,10,,,
segmentation,10,,,
arthroplasty,10,,,
degree,10,,,
total,10,,,
metadata,10,,,
layer,10,,,
multivariate,10,,,
ideological,10,,,
undergraduate,10,,,
settings,10,,,
barrier,10,,,
base,10,,,
period,10,,,
baby,10,,,
matter,10,,,
vein,10,,,
geography,10,,,
ebola,10,,,
efficient,10,,,
nlp,10,,,
mycobacterium,10,,,
liquid,10,,,
epilepsy,10,,,
protocols,10,,,
contraceptives,10,,,
behavioural,10,,,
iron,10,,,
variant,10,,,
units,10,,,
bert,10,,,
nevus,10,,,
imbalance,9,,,
inquiry,9,,,
end,9,,,
coronary,9,,,
networked,9,,,
deaf,9,,,
consequences,9,,,
gland,9,,,
views,9,,,
diagnostics,9,,,
country,9,,,
hypertension,9,,,
coal,9,,,
resistant,9,,,
profile,9,,,
simple,9,,,
variation,9,,,
pharmacist,9,,,
scenario,9,,,
crowd,9,,,
over,9,,,
check,9,,,
radiography,9,,,
host,9,,,
mobilization,9,,,
higher,9,,,
disabilities,9,,,
tuberculosis,9,,,
tetanus,9,,,
federation,9,,,
prevalence,9,,,
requirements,9,,,
driving,9,,,
incentive,9,,,
characterization,9,,,
harmful,9,,,
coordination,9,,,
encoding,9,,,
stage,9,,,
petroleum,9,,,
robustness,9,,,
real-world,9,,,
bots,9,,,
lower,9,,,
refugee,9,,,
inverse,9,,,
app,9,,,
community-based,9,,,
mask,9,,,
instant,9,,,
accidents,9,,,
watermarking,9,,,
special,9,,,
impairment,9,,,
persons,9,,,
explainable,9,,,
precision,9,,,
computation,9,,,
stream,9,,,
adjuvant,9,,,
dependency,9,,,
cat,9,,,
compensation,9,,,
german,9,,,
fairness,9,,,
character,9,,,
societies,9,,,
trafficking,9,,,
thyroid,9,,,
deployment,9,,,
nations,9,,,
meat,9,,,
style,9,,,
auditory,9,,,
extended,9,,,
allergic,9,,,
swarm,9,,,
particle,9,,,
lead,9,,,
innovations,9,,,
menstrual,9,,,
one,9,,,
well,9,,,
consciousness,9,,,
sustainability,9,,,
relational,9,,,
enzyme,9,,,
trusted,9,,,
latino,9,,,
perceptual,9,,,
up,9,,,
position,9,,,
brand,9,,,
islamic,9,,,
instrument,9,,,
chemotherapy,9,,,
benchmark,9,,,
complication,9,,,
wind,9,,,
measles,9,,,
deficit,9,,,
explanatory,9,,,
indian,9,,,
isolation,9,,,
suicide,9,,,
pelvic,9,,,
ancestry,9,,,
avoidance,9,,,
foods,9,,,
liability,9,,,
anemia,9,,,
initial,9,,,
points,9,,,
aging,9,,,
escherichia,9,,,
decomposition,9,,,
leukemia,9,,,
paradigm,9,,,
coli,9,,,
lupus,9,,,
neonatal,9,,,
arthritis,9,,,
publishing,9,,,
personalized,9,,,
automation,9,,,
combination,9,,,
targeted,9,,,
travel,9,,,
mellitus,9,,,
capability,9,,,
symptoms,9,,,
adolescents,9,,,
room,9,,,
corona,9,,,
determination,9,,,
benefit,9,,,
traits,9,,,
differences,9,,,
malaria,9,,,
perinatal,9,,,
improved,9,,,
exploratory,9,,,
core,9,,,
minimum,9,,,
acquisition,9,,,
atrophy,9,,,
consultation,9,,,
scheme,9,,,
graph-based,9,,,
mexico,9,,,
journal,9,,,
distrust,9,,,
forums,9,,,
aircraft,9,,,
postpartum,9,,,
practitioner,8,,,
continuing,8,,,
corrections,8,,,
hospitals,8,,,
scholarly,8,,,
publication,8,,,
navigation,8,,,
sinus,8,,,
presentation,8,,,
fluency,8,,,
refugees,8,,,
concern,8,,,
threshold,8,,,
frontline,8,,,
peptide,8,,,
middle-income,8,,,
aid,8,,,
coordinated,8,,,
grid,8,,,
u.s,8,,,
summarization,8,,,
4,8,,,
delayed,8,,,
retention,8,,,
diplomacy,8,,,
distortion,8,,,
anesthesia,8,,,
/,8,,,
answering,8,,,
developing,8,,,
terms,8,,,
codes,8,,,
meta,8,,,
coefficient,8,,,
observation,8,,,
formula,8,,,
regions,8,,,
radio,8,,,
mesh,8,,,
ability,8,,,
vagina,8,,,
transformers,8,,,
boosting,8,,,
calibration,8,,,
finance,8,,,
short-term,8,,,
sociology,8,,,
mechanics,8,,,
incentives,8,,,
insufficiency,8,,,
withdrawal,8,,,
grade,8,,,
conflicts,8,,,
supports,8,,,
associative,8,,,
saudi,8,,,
antibiotic,8,,,
reputation,8,,,
microscopy,8,,,
testimony,8,,,
cutaneous,8,,,
vascular,8,,,
share,8,,,
plan,8,,,
employee,8,,,
genetics,8,,,
epidural,8,,,
membrane,8,,,
curation,8,,,
five,8,,,
myth,8,,,
acceptability,8,,,
demand,8,,,
wellbeing,8,,,
human-centered,8,,,
wild,8,,,
mouth,8,,,
vectors,8,,,
buildings,8,,,
attributes,8,,,
emission,8,,,
exponential,8,,,
spanish,8,,,
conversation,8,,,
constraints,8,,,
autonomy,8,,,
repeated,8,,,
drinking,8,,,
android,8,,,
elderly,8,,,
uterus,8,,,
mother,8,,,
alpha,8,,,
splicing,8,,,
2020,8,,,
computer-assisted,8,,,
revolution,8,,,
composition,8,,,
shortage,8,,,
southern,8,,,
manufacturing,8,,,
corticosteroid,8,,,
competencies,8,,,
immigrants,8,,,
consistency,8,,,
interstitial,8,,,
conditional,8,,,
mediation,8,,,
comprehensive,8,,,
endocrine,8,,,
directed,8,,,
conference,8,,,
dioxide,8,,,
emotions,8,,,
discharge,8,,,
intermittent,8,,,
result,8,,,
scientists,8,,,
androgen,8,,,
caregiver,8,,,
rhetoric,8,,,
faith,8,,,
survivors,8,,,
roles,8,,,
svm,8,,,
stakeholders,8,,,
count,8,,,
words,8,,,
fatigue,8,,,
hoc,8,,,
poisoning,8,,,
researches,8,,,
burnout,8,,,
fitness,8,,,
debunking,8,,,
cybe,8,,,
sudden,8,,,
restoration,8,,,
augmentation,8,,,
probabilities,8,,,
positioning,8,,,
modality,8,,,
mood,8,,,
depth,8,,,
trimester,8,,,
dentistry,8,,,
reproduction,8,,,
searching,8,,,
neoplasm,8,,,
maximization,8,,,
encoder,8,,,
cnn,8,,,
architectures,8,,,
metric,8,,,
antibodies,8,,,
islands,8,,,
diabetic,8,,,
osteoarthritis,8,,,
documentary,8,,,
scanning,8,,,
testosterone,8,,,
principles,8,,,
registry,8,,,
best,8,,,
heuristic,8,,,
accounts,8,,,
driver,8,,,
partnerships,8,,,
augmented,8,,,
medicinal,8,,,
publics,8,,,
serotonin,8,,,
alloys,8,,,
circuits,8,,,
literacies,8,,,
contagion,8,,,
difficulty,8,,,
papers,8,,,
motion,8,,,
named,8,,,
genetically,8,,,
entity,8,,,
opinions,8,,,
vulnerable,8,,,
healing,8,,,
land,8,,,
moving,8,,,
tv,8,,,
academy,8,,,
angiotensin,8,,,
microwave,8,,,
intensity,8,,,
containment,8,,,
databases,7,,,
”,7,,,
controls,7,,,
penis,7,,,
predatory,7,,,
e,7,,,
disruption,7,,,
chatgpt,7,,,
leaders,7,,,
fistula,7,,,
enhancement,7,,,
denialism,7,,,
cover,7,,,
bubble,7,,,
opiate,7,,,
ethinylestradiol,7,,,
injections,7,,,
humanities,7,,,
authenticity,7,,,
g,7,,,
court,7,,,
anti-vaccine,7,,,
listening,7,,,
indonesian,7,,,
religion,7,,,
being,7,,,
interfaces,7,,,
boundary,7,,,
sociotechnical,7,,,
robotic,7,,,
wildlife,7,,,
influencers,7,,,
echo,7,,,
rumour,7,,,
dispute,7,,,
haemophilus,7,,,
educations,7,,,
museum,7,,,
peripheral,7,,,
filters,7,,,
uses,7,,,
laparoscopic,7,,,
ankle,7,,,
neighbor,7,,,
postoperative,7,,,
electromagnetic,7,,,
needle,7,,,
alzheimer,7,,,
traumatic,7,,,
<,7,,,
seed,7,,,
beverage,7,,,
diphtheria,7,,,
interviews,7,,,
advice,7,,,
correspondence,7,,,
back,7,,,
spontaneous,7,,,
practical,7,,,
waves,7,,,
comprehension,7,,,
post-truth,7,,,
trustworthiness,7,,,
agent-based,7,,,
interpretation,7,,,
dermatitis,7,,,
searches,7,,,
advertizing,7,,,
microbial,7,,,
continued,7,,,
streams,7,,,
phone,7,,,
prescribing,7,,,
respiration,7,,,
red,7,,,
accessibility,7,,,
constructive,7,,,
gain,7,,,
australian,7,,,
mediterranean,7,,,
journals,7,,,
entropy,7,,,
lay,7,,,
logistics,7,,,
sunscreen,7,,,
affect,7,,,
no,7,,,
circumcision,7,,,
connected,7,,,
torsion,7,,,
peoples,7,,,
music,7,,,
challenge,7,,,
conditioning,7,,,
scalable,7,,,
veracity,7,,,
symbolic,7,,,
stewardship,7,,,
pneumonia,7,,,
subject,7,,,
two,7,,,
sport,7,,,
tensor,7,,,
square,7,,,
bleeding,7,,,
availability,7,,,
telecommunication,7,,,
circulation,7,,,
conversations,7,,,
hemoglobin,7,,,
infarction,7,,,
ultrasound,7,,,
california,7,,,
cholesterol,7,,,
asymmetry,7,,,
discussions,7,,,
veterans,7,,,
basis,7,,,
buying,7,,,
dairy,7,,,
5,7,,,
mistrust,7,,,
nose,7,,,
data-driven,7,,,
restriction,7,,,
renewable,7,,,
content-based,7,,,
journalists,7,,,
conformity,7,,,
linguistics,7,,,
acoustic,7,,,
memories,7,,,
elimination,7,,,
variables,7,,,
degeneration,7,,,
creation,7,,,
reactive,7,,,
amino,7,,,
disruptive,7,,,
sequences,7,,,
out,7,,,
hidden,7,,,
print,7,,,
instruments,7,,,
cepstral,7,,,
race,7,,,
agonist,7,,,
pertussis,7,,,
newspapers,7,,,
identifications,7,,,
mosquito,7,,,
live,7,,,
parameter,7,,,
hate,7,,,
lineage,7,,,
interval,7,,,
geographical,7,,,
dysfunction,7,,,
habits,7,,,
acetate,7,,,
parents,7,,,
stiffness,7,,,
edge,7,,,
hormones,7,,,
generalization,7,,,
stock,7,,,
illegal,7,,,
deprivation,7,,,
immunotherapy,7,,,
audit,7,,,
centered,7,,,
cytokine,7,,,
venous,7,,,
facility,7,,,
logical,7,,,
habitat,7,,,
observational,7,,,
floor,7,,,
college,7,,,
zika,7,,,
view,7,,,
diets,7,,,
schedule,7,,,
typhoid,7,,,
official,7,,,
polymerase,7,,,
motor,7,,,
geriatric,7,,,
assistance,7,,,
sulfate,7,,,
eu,7,,,
monkeypox,7,,,
thematic,7,,,
reverse,7,,,
responsible,7,,,
italian,7,,,
guideline,7,,,
continuous,7,,,
feasibility,7,,,
physicians,7,,,
category,7,,,
anti-vaccination,7,,,
v,7,,,
poliomyelitis,7,,,
observer,7,,,
ownership,7,,,
actors,7,,,
panic,7,,,
likelihood,7,,,
stimulating,7,,,
financing,7,,,
gray,7,,,
convention,7,,,
monoamine,7,,,
degradation,7,,,
fossil,7,,,
maps,7,,,
scientist,7,,,
signature,7,,,
scores,7,,,
classifications,7,,,
force,7,,,
fibrosis,7,,,
embedded,7,,,
least,7,,,
crises,7,,,
native,7,,,
ovary,7,,,
optic,7,,,
encephalitis,7,,,
humanitarian,7,,,
assurance,7,,,
objection,7,,,
phobia,7,,,
ncov,7,,,
goals,7,,,
europe,7,,,
gestational,7,,,
arm,7,,,
budget,7,,,
clotting,7,,,
youtube,7,,,
governments,7,,,
pancreas,7,,,
modification,7,,,
aspect,7,,,
china,7,,,
account,7,,,
weighted,7,,,
detecting,7,,,
caribbean,7,,,
modules,7,,,
empowerment,7,,,
cascades,7,,,
conversion,7,,,
finding,7,,,
separation,7,,,
outreach,7,,,
conscientious,7,,,
editing,7,,,
dog,7,,,
associations,6,,,
debate,6,,,
bad,6,,,
cue,6,,,
toxin,6,,,
intolerance,6,,,
populism,6,,,
doctor,6,,,
lobe,6,,,
drivers,6,,,
state-of-the-art,6,,,
frame,6,,,
board,6,,,
agriculture,6,,,
nicotinamide,6,,,
elaboration,6,,,
toolkit,6,,,
illusion,6,,,
bodies,6,,,
treatments,6,,,
economies,6,,,
virtue,6,,,
voices,6,,,
japanese,6,,,
programme,6,,,
potassium,6,,,
childbirth,6,,,
extremism,6,,,
asymptomatic,6,,,
segment,6,,,
hoaxes,6,,,
office,6,,,
bullying,6,,,
ads,6,,,
fixed,6,,,
authorship,6,,,
cancers,6,,,
transnational,6,,,
queries,6,,,
integer,6,,,
binding,6,,,
antineoplastic,6,,,
ablation,6,,,
hyperplasia,6,,,
dosage,6,,,
presumed,6,,,
nigeria,6,,,
predictors,6,,,
pilot,6,,,
definition,6,,,
rubella,6,,,
18,6,,,
ground,6,,,
texture,6,,,
recombinant,6,,,
lipid,6,,,
indirect,6,,,
customer,6,,,
statement,6,,,
partner,6,,,
TRUE,6,,,
evaluations,6,,,
habit,6,,,
impaired,6,,,
colonization,6,,,
extension,6,,,
sales,6,,,
complications,6,,,
variability,6,,,
step,6,,,
incidence,6,,,
rhetorical,6,,,
portuguese,6,,,
graphics,6,,,
adrenergic,6,,,
correlations,6,,,
modular,6,,,
shift,6,,,
fraction,6,,,
electricity,6,,,
troll,6,,,
cessation,6,,,
+,6,,,
covid19,6,,,
governmental,6,,,
cerebral,6,,,
trend,6,,,
transcription,6,,,
commitment,6,,,
breathing,6,,,
reservoir,6,,,
terrorism,6,,,
posterior,6,,,
reversible,6,,,
significance,6,,,
poor,6,,,
dominance,6,,,
naïve,6,,,
tropical,6,,,
sphere,6,,,
era,6,,,
minimization,6,,,
feminist,6,,,
alarm,6,,,
stenosis,6,,,
tweets,6,,,
veteran,6,,,
readiness,6,,,
acquired,6,,,
communicative,6,,,
entry,6,,,
ontologies,6,,,
hypersensitivity,6,,,
pneumococcal,6,,,
profession,6,,,
provision,6,,,
comment,6,,,
combined,6,,,
sars,6,,,
audiences,6,,,
net,6,,,
recurrence,6,,,
serial,6,,,
fallacy,6,,,
vertical,6,,,
librarians,6,,,
audiovisual,6,,,
squamous,6,,,
dengue,6,,,
robots,6,,,
ray,6,,,
n,6,,,
keywords,6,,,
heritage,6,,,
incontinence,6,,,
forum,6,,,
ontological,6,,,
fractures,6,,,
seizure,6,,,
intracranial,6,,,
leadership,6,,,
reform,6,,,
airway,6,,,
monte,6,,,
carlo,6,,,
chat,6,,,
gist,6,,,
apnea,6,,,
flexible,6,,,
internet-based,6,,,
dilemma,6,,,
parliament,6,,,
cross-sectional,6,,,
companies,6,,,
elite,6,,,
employment,6,,,
third-party,6,,,
managements,6,,,
upper,6,,,
regulations,6,,,
impulse,6,,,
steroid,6,,,
potentials,6,,,
dirichlet,6,,,
assistant,6,,,
sexuality,6,,,
investigation,6,,,
dependence,6,,,
defence,6,,,
blindness,6,,,
convergence,6,,,
skepticism,6,,,
generic,6,,,
causality,6,,,
migrants,6,,,
prep,6,,,
graft,6,,,
housing,6,,,
reflection,6,,,
workplace,6,,,
recommender,6,,,
medically,6,,,
lymphoma,6,,,
stimulus,6,,,
inconsistency,6,,,
retinal,6,,,
low-income,6,,,
computers,6,,,
surgeon,6,,,
brazil,6,,,
entities,6,,,
member,6,,,
mexican,6,,,
sea,6,,,
woman,6,,,
works,6,,,
screen,6,,,
dialogue,6,,,
nicotine,6,,,
lab,6,,,
api,6,,,
intravenous,6,,,
fair,6,,,
copyright,6,,,
cutting,6,,,
anti,6,,,
smoke,6,,,
causes,6,,,
underserved,6,,,
korean,6,,,
congo,6,,,
preliminary,6,,,
variance,6,,,
premature,6,,,
ratings,6,,,
york,6,,,
familial,6,,,
multinomial,6,,,
spectrometry,6,,,
detector,6,,,
vehicular,6,,,
day,6,,,
spider,6,,,
advancement,6,,,
house,6,,,
spectroscopy,6,,,
ad-hoc,6,,,
intermediary,6,,,
cluster,6,,,
makings,6,,,
ai-generated,6,,,
fukushima,6,,,
drainage,6,,,
ventricle,6,,,
eastern,6,,,
additional,6,,,
lexical,6,,,
decentralised,6,,,
articles,6,,,
supplement,6,,,
immunizations,6,,,
browser,6,,,
preprint,6,,,
acids,6,,,
spatio-temporal,6,,,
dry,6,,,
bed,6,,,
measurements,6,,,
mandatory,6,,,
disparity,6,,,
radar,6,,,
chadox1,6,,,
balance,6,,,
planned,6,,,
heavy,6,,,
anthropology,6,,,
girls,6,,,
gaps,6,,,
whole,6,,,
“,6,,,
sequential,6,,,
goods,6,,,
suppression,6,,,
stereotypes,6,,,
popularity,6,,,
weather,6,,,
adjustment,6,,,
gathering,6,,,
reasons,6,,,
topology,6,,,
notification,6,,,
disabled,6,,,
foot,6,,,
cooperation,6,,,
heuristics,6,,,
infertility,6,,,
cosine,6,,,
genome,6,,,
fruit,6,,,
catastrophic,6,,,
audio-visual,6,,,
preventative,6,,,
forgetting,6,,,
multilayer,6,,,
aggressive,6,,,
holistic,6,,,
implants,6,,,
transmitted,6,,,
orientation,6,,,
hazards,6,,,
post-event,6,,,
burden,6,,,
sectors,6,,,
descriptive,6,,,
incident,6,,,
bi-directional,6,,,
endorsement,6,,,
influenzae,6,,,
feminism,6,,,
connectivity,6,,,
influential,6,,,
translational,6,,,
zinc,6,,,
spreader,6,,,
socio-technical,6,,,
licensing,6,,,
appraisal,6,,,
unproven,6,,,
oncologist,6,,,
lda,6,,,
network-based,6,,,
quantum,6,,,
massive,6,,,
series,6,,,
transplant,6,,,
posts,6,,,
repair,6,,,
statements,6,,,
censorship,6,,,
controversy,6,,,
telephone,6,,,
operative,6,,,
prophylaxis,6,,,
street,6,,,
routing,6,,,
antiviral,6,,,
purchase,6,,,
trading,6,,,
ultraviolet,6,,,
popular,6,,,
origins,6,,,
constraint,6,,,
remedies,6,,,
purpose,6,,,
implantation,6,,,
cumulative,6,,,
forecasting,6,,,
ml,6,,,
sputnik,6,,,
predictions,6,,,
filtration,6,,,
medicare,6,,,
irrigation,6,,,
k-nearest,5,,,
headline,5,,,
malware,5,,,
solar,5,,,
colorectal,5,,,
nigerian,5,,,
architectural,5,,,
gan,5,,,
hematoma,5,,,
usefulness,5,,,
multi-label,5,,,
aortic,5,,,
mutual,5,,,
end-to-end,5,,,
multi-layer,5,,,
conduct,5,,,
supervision,5,,,
vessel,5,,,
user-centered,5,,,
preprocessing,5,,,
quantization,5,,,
heterogeneity,5,,,
parathyroid,5,,,
additive,5,,,
static,5,,,
overall,5,,,
cholera,5,,,
iterative,5,,,
paralysis,5,,,
fuels,5,,,
companion,5,,,
communicable,5,,,
inspection,5,,,
11,5,,,
refutation,5,,,
hormonal,5,,,
desire,5,,,
wide,5,,,
hemorrhagic,5,,,
mindfulness,5,,,
spreaders,5,,,
main,5,,,
hoax,5,,,
flows,5,,,
florida,5,,,
manipulations,5,,,
perturbation,5,,,
things,5,,,
canal,5,,,
acting,5,,,
driven,5,,,
gluconate,5,,,
independence,5,,,
warnings,5,,,
near,5,,,
footprint,5,,,
forms,5,,,
connection,5,,,
gaming,5,,,
detectors,5,,,
meaning,5,,,
universities,5,,,
wildfire,5,,,
neuroendocrine,5,,,
drink,5,,,
recursive,5,,,
goal,5,,,
beam,5,,,
guidance,5,,,
stone,5,,,
categorization,5,,,
biochemical,5,,,
thrombocytopenia,5,,,
capabilities,5,,,
fine,5,,,
cervix,5,,,
farmers,5,,,
in-depth,5,,,
ideas,5,,,
capsule,5,,,
keyword,5,,,
assault,5,,,
misuse,5,,,
variational,5,,,
loop,5,,,
british,5,,,
horse,5,,,
friendly,5,,,
coefficients,5,,,
sun,5,,,
human-machine,5,,,
vacuum,5,,,
delusion,5,,,
routine,5,,,
colon,5,,,
abstinence,5,,,
rectal,5,,,
district,5,,,
updating,5,,,
nationalism,5,,,
competency,5,,,
erythematosus,5,,,
medias,5,,,
urine,5,,,
lumbar,5,,,
pay,5,,,
competences,5,,,
normative,5,,,
derived,5,,,
profit,5,,,
weak,5,,,
low-resource,5,,,
ethnography,5,,,
ethnographic,5,,,
valence,5,,,
farming,5,,,
judgments,5,,,
fiction,5,,,
rupture,5,,,
voluntary,5,,,
marijuana,5,,,
origin,5,,,
arts,5,,,
overlapping,5,,,
match,5,,,
burn,5,,,
misconduct,5,,,
pathogen,5,,,
majority,5,,,
carrier,5,,,
auxiliary,5,,,
abstract,5,,,
nucleic,5,,,
poisson,5,,,
sentiments,5,,,
countermeasures,5,,,
school-based,5,,,
unhealthy,5,,,
cut,5,,,
anatomy,5,,,
waiting,5,,,
procedural,5,,,
robot,5,,,
northern,5,,,
microbiome,5,,,
9,5,,,
locus,5,,,
resuscitation,5,,,
methodological,5,,,
nocebo,5,,,
cov,5,,,
incomplete,5,,,
chlamydia,5,,,
priming,5,,,
attachment,5,,,
gynecologic,5,,,
airborne,5,,,
f,5,,,
percolation,5,,,
flag,5,,,
humans,5,,,
vital,5,,,
competition,5,,,
participant,5,,,
arterial,5,,,
trustworthy,5,,,
socio-cultural,5,,,
greenhouse,5,,,
revision,5,,,
herd,5,,,
inferential,5,,,
rhythm,5,,,
regeneration,5,,,
psycho-linguistic,5,,,
dinucleotide,5,,,
adenine,5,,,
defect,5,,,
intrauterine,5,,,
chloride,5,,,
tf-idf,5,,,
pipelines,5,,,
exploration,5,,,
hurricane,5,,,
e-commerce,5,,,
owners,5,,,
neurologic,5,,,
wars,5,,,
night,5,,,
hawkes,5,,,
river,5,,,
limb,5,,,
scheduling,5,,,
recollection,5,,,
cold,5,,,
imagery,5,,,
satellite,5,,,
pump,5,,,
co,5,,,
sovereignty,5,,,
investments,5,,,
orders,5,,,
spirals,5,,,
defensive,5,,,
indexing,5,,,
digestive,5,,,
instability,5,,,
preparation,5,,,
importance,5,,,
peptides,5,,,
4,5,,,
efforts,5,,,
antagonist,5,,,
foundations,5,,,
peace,5,,,
directions,5,,,
labour,5,,,
explicit,5,,,
shaping,5,,,
box,5,,,
spectral,5,,,
principal,5,,,
incivility,5,,,
5g,5,,,
car,5,,,
embolization,5,,,
sentimental,5,,,
swelling,5,,,
axis,5,,,
caregivers,5,,,
pathways,5,,,
antivaccine,5,,,
dermatology,5,,,
spiral,5,,,
grammatical,5,,,
rich,5,,,
do,5,,,
rules,5,,,
creative,5,,,
cities,5,,,
adipose,5,,,
repository,5,,,
orthopedic,5,,,
iot,5,,,
portals,5,,,
compound,5,,,
arrest,5,,,
circuit,5,,,
trump,5,,,
shame,5,,,
schema,5,,,
hallucination,5,,,
sizes,5,,,
average,5,,,
preservation,5,,,
gyrus,5,,,
nurses,5,,,
operators,5,,,
relevant,5,,,
rabies,5,,,
rome,5,,,
tube,5,,,
sanitary,5,,,
blind,5,,,
producers,5,,,
hash,5,,,
explanation,5,,,
zone,5,,,
bandwidth,5,,,
ict,5,,,
machinery,5,,,
muslim,5,,,
treat,5,,,
combat,5,,,
corpora,5,,,
analyze,5,,,
ester,5,,,
norethisterone,5,,,
connections,5,,,
interrogation,5,,,
preschool,5,,,
diverse,5,,,
hashing,5,,,
parts,5,,,
substitution,5,,,
forces,5,,,
lie,5,,,
initiation,5,,,
poliovirus,5,,,
inactivated,5,,,
k-means,5,,,
delays,5,,,
median,5,,,
ignorance,5,,,
multi-view,5,,,
contrast,5,,,
attenuation,5,,,
alienation,5,,,
radiological,5,,,
disturbance,5,,,
rescue,5,,,
sheep,5,,,
spike,5,,,
aesthetic,5,,,
spin,5,,,
division,5,,,
reliance,5,,,
church,5,,,
conservative,5,,,
hard,5,,,
tagging,5,,,
condoms,5,,,
using,5,,,
ii,5,,,
lymph,5,,,
autoencoder,5,,,
interleukin,5,,,
certainty,5,,,
informing,5,,,
vegetable,5,,,
discipline,5,,,
route,5,,,
misperceptions,5,,,
toll,5,,,
credible,5,,,
antiretroviral,5,,,
initiative,5,,,
menopausal,5,,,
socially,5,,,
all,5,,,
recreational,5,,,
tutoring,5,,,
botulinum,5,,,
trajectory,5,,,
penicillin,5,,,
constitutional,5,,,
mucosal,5,,,
immediate,5,,,
exclusion,5,,,
southeast,5,,,
prognosis,5,,,
cigarette,5,,,
opportunity,5,,,
ukraine,5,,,
capitalism,5,,,
handling,5,,,
incidental,5,,,
dempster-shafer,5,,,
cross-cultural,5,,,
multi-level,5,,,
weakness,5,,,
anticoagulant,5,,,
narcotic,5,,,
singapore,5,,,
rotator,5,,,
cuff,5,,,
formulation,5,,,
valley,5,,,
whatsapp,5,,,
zoster,5,,,
supplementation,5,,,
throat,5,,,
lateral,5,,,
misinformed,5,,,
tactics,5,,,
marker,5,,,
salt,5,,,
percutaneous,5,,,
recording,5,,,
path,5,,,
connective,5,,,
purchasing,5,,,
seasonal,5,,,
motivated,5,,,
at,5,,,
versus,5,,,
involvement,5,,,
issue,5,,,
herpes,5,,,
excavation,5,,,
page,5,,,
musculoskeletal,5,,,
earthquakes,5,,,
interoperability,5,,,
obstructive,5,,,
self-determination,5,,,
editorial,5,,,
athlete,5,,,
anastomosis,5,,,
patient-provider,5,,,
consumers,5,,,
wearable,5,,,
sexually,5,,,
emergencies,5,,,
idiopathic,5,,,
interferon,5,,,
bnt,5,,,
cybersecurity,5,,,
drosophila,5,,,
disasters,5,,,
thresholding,5,,,
success,5,,,
leptospira,5,,,
tertiary,5,,,
ideology,5,,,
morbidity,5,,,
motivations,5,,,
flu,5,,,
neuroscience,5,,,
clinic,5,,,
survivor,5,,,
skill,5,,,
preparations,5,,,
librarianship,5,,,
ethic,5,,,
pakistan,5,,,
questionnaires,5,,,
biased,5,,,
geospatial,5,,,
hardware,5,,,
terminal,5,,,
communicating,5,,,
outpatient,5,,,
coastal,5,,,
self-efficacy,5,,,
polarity,5,,,
graphic,5,,,
context-aware,5,,,
mumps,5,,,
induction,5,,,
ecosystems,5,,,
mode,5,,,
its,5,,,
intent,5,,,
receiver,5,,,
third-person,5,,,
volatile,5,,,
borne,5,,,
abdominal,5,,,
chamber,5,,,
tick,5,,,
papilloma,5,,,
interpretable,5,,,
ideation,5,,,
autoimmune,5,,,
surgeons,5,,,
occlusion,5,,,
macular,5,,,
rough,5,,,
multidisciplinary,5,,,
distraction,5,,,
comfort,5,,,
corruption,5,,,
lyme,5,,,
sugar,5,,,
lack,5,,,
prior,5,,,
compendia,5,,,
canadian,5,,,
nonlinear,5,,,
game-theoretic,5,,,
electron,5,,,
coupled,5,,,
neuropathy,5,,,
partnership,5,,,
parties,5,,,
antimicrobial,5,,,
tenofovir,5,,,
intraocular,5,,,
harms,5,,,
layers,5,,,